{"cameraMode":{"drawMode":0,"name":"Shaded","section":"Shading Mode"},"sceneLighting":false,"audioPlay":false,"sceneViewState":{"showFog":true,"showMaterialUpdate":false,"showSkybox":false,"showFlares":true,"showImageEffects":true,"showParticleSystems":true},"in2DMode":false,"pivot":{"x":-0.013473521918058396,"y":0.013986226171255112,"z":0.0},"rotation":{"x":-0.02801983244717121,"y":0.7099269032478333,"z":-0.02828434854745865,"w":-0.703149139881134},"size":0.05278843641281128,"orthographic":true}