{"cameraMode":{"drawMode":0,"name":"Shaded","section":"Shading Mode"},"sceneLighting":true,"audioPlay":false,"sceneViewState":{"showFog":true,"showMaterialUpdate":false,"showSkybox":false,"showFlares":true,"showImageEffects":true,"showParticleSystems":true},"in2DMode":false,"pivot":{"x":1.690000057220459,"y":0.33000004291534426,"z":5.320000171661377},"rotation":{"x":0.045388951897621158,"y":-0.8220006227493286,"z":0.06616616249084473,"w":0.5638056993484497},"size":5.6753153800964359,"orthographic":true}