{"cameraMode":{"drawMode":0,"name":"Shaded","section":"Shading Mode"},"sceneLighting":true,"audioPlay":false,"sceneViewState":{"showFog":true,"showMaterialUpdate":false,"showSkybox":false,"showFlares":true,"showImageEffects":true,"showParticleSystems":true},"in2DMode":false,"pivot":{"x":-6.889648914337158,"y":-0.6539909243583679,"z":4.376759052276611},"rotation":{"x":-0.006730482913553715,"y":-0.9932152628898621,"z":0.07695338875055313,"w":-0.08693245053291321},"size":0.3266095817089081,"orthographic":true}