{"cameraMode":{"drawMode":0,"name":"Shaded","section":"Shading Mode"},"sceneLighting":true,"audioPlay":false,"sceneViewState":{"showFog":true,"showMaterialUpdate":false,"showSkybox":false,"showFlares":true,"showImageEffects":true,"showParticleSystems":true},"in2DMode":false,"pivot":{"x":-0.03957319259643555,"y":0.35280609130859377,"z":-0.19448423385620118},"rotation":{"x":-0.5559912919998169,"y":0.022931726649403573,"z":-0.015347359701991082,"w":-0.8307300209999085},"size":13.921148300170899,"orthographic":true}